Agglomération,Echantillon,Mobilité douce,Mobilité douce (+/-),Transport individuel motorisé,Transport individuel motorisé (+/-),Transports publics,Transports publics (+/-),Autres,Autres (+/-)
Suisse,62868,0.07695364461169756,0.001993344140981594,0.6642423130028062,0.003532093424117147,0.23441210131015655,0.003168425321415643,0.024391941075339738,0.0011537635169038384
Toutes les agglomérations,50239,0.083530524642744,0.0023148980408287763,0.6321415905837274,0.004034574945664012,0.2615699870110189,0.003677044501001688,0.022757897762509742,0.0012477208033639482
