Agglomération,Echantillon,Mobilité douce,Mobilité douce (+/-),Transport individuel motorisé,Transport individuel motorisé (+/-),Transports publics,Transports publics (+/-),Autres,Autres (+/-)
Suisse,57090,0.07610508391890403,0.0020811762222324322,0.661231852114779,0.0037146585510596398,0.24400484262019456,0.0033709278854106607,0.018658221346122338,0.0010620280730469338
Toutes les agglomérations,44437,0.08407526232121913,0.0024686663528699247,0.623947536128146,0.004309199930610864,0.27362240401467897,0.00396602488875624,0.018354797535956015,0.0011941268436434236
